Fitness,Label,A1,A2,B1,B2,C1,C2,D1,D2,E1,E2,F1,F2,G1,G2,H1,H2,I1,I2,J1,J2,K1,K2,L1,L2,M1,M2,N1,N2,O1,O2,P1,P2
1.474948619,1,3.478975723,1.480108485,0.958932689,1.615823333,4.666817384,3.338092992,3.756999994,4.863979215,2.13954981,1.513167821,4.273112912,1.98532336,3.671849122,3.205457662,4.326182316,1.953511761,4.968334166,1.574041248,0.201825781,1.729138075,4.150674839,4.109563373,1.638522194,4.583323887,3.146238403,0.359125884,3.3935374,1.796944116,0.767493122,0.248126312,4.069844681,4.437173384
1.175948464,1,0.060136102,1.248832378,0.267141569,1.759000158,1.868927547,3.500821137,2.20731543,4.395328684,1.017165753,0.530265586,1.176379585,3.052434516,2.979052184,2.67510585,3.260057361,3.793392117,1.529360568,1.470949423,2.592513893,3.601403196,4.556967501,1.619038918,1.125160005,0.580608725,1.620824402,0.203176306,1.64885477,0.543330447,2.925099913,4.430412903,4.492814857,2.677087105
0,0,3.775834333,2.08361061,0.120638657,1.000854402,1.132982199,2.790838731,0.385692036,2.099153022,2.888205958,4.205126913,3.371751183,4.055748768,0.379267934,2.855264135,0.529528475,3.577447601,1.588073836,3.442930086,4.382789247,0.016035256,2.147187059,1.694677816,3.928580134,3.85560218,3.29224629,1.953169804,1.189738195,0.613155268,1.04713367,3.111125986,2.961831112,4.83275021
1.415987269,1,2.574202029,4.705548512,1.154758347,2.795589618,0.420010964,4.122564988,0.877182478,2.817627571,4.067491053,4.745122307,3.247902272,0.993174803,0.412431545,1.833076948,4.921842851,1.401074991,1.137539594,0.679588588,4.50846578,2.15440825,2.805502119,0.071964208,2.387236439,4.170213246,0.289294375,1.602305556,1.929067835,3.633921338,4.836269671,4.851185592,3.132476686,4.257950999
0,0,1.443876902,1.887050503,1.151677362,4.919284204,0.036395665,3.467221383,1.896152851,3.56947177,0.6384769,0.387806847,2.841120803,4.476261061,3.054734908,4.030613907,0.170062375,3.092671835,1.806885668,0.702335953,0.641879339,0.180067234,2.009329282,4.866094334,4.450535139,2.99984166,1.986235831,0.093751269,3.861131686,3.473463077,0.20071727,3.670846956,4.056709885,0.323890561
0,0,2.4330397,4.967789184,1.948479127,3.50860709,1.073921736,2.497241969,0.278152445,0.17744151,2.446524309,1.474217759,0.324089632,3.500874992,1.578094563,3.914688728,0.903705824,0.121814194,3.882185405,2.064607436,2.403110956,1.23410081,1.864045688,4.202584503,4.402150193,1.210474201,3.484116581,1.34224799,2.203962313,0.481253045,1.495509757,4.820139806,2.083443037,4.61090163
1.373959846,1,3.132677977,3.511821424,2.772749892,1.908524803,2.268854613,4.53653108,3.394779862,0.58648922,1.849642444,4.238253679,1.37407988,2.189372864,1.590162024,0.627848983,3.200040119,3.478197848,4.650389446,3.897720071,1.600292079,3.033999113,0.705579137,0.02856008,2.10348227,4.471582423,0.779688089,1.552774248,4.804439233,4.839403251,4.274046637,4.458568884,1.694320939,4.374249321
0,0,1.346447258,3.949440036,2.795846746,0.310763055,3.044228853,3.794686481,4.786350564,0.346312507,1.086860276,3.737823183,3.354999232,2.834682232,0.740869792,4.84760005,4.961386445,1.517097365,0.268880491,4.806583922,2.142720791,1.078259565,1.559280985,4.672531498,4.864312305,0.447302679,4.828195428,3.062490884,4.006313816,4.693612594,0.390441826,4.75135287,1.210573964,1.086111493
0,0,0.547459396,2.695373928,1.267494041,4.177342357,0.492518328,3.966095409,2.806634546,0.003121112,2.665784851,1.06099083,2.932901655,2.310431059,3.443038276,1.226742505,4.687185147,3.435534775,4.652647293,2.089657076,4.069653221,2.200252102,3.81237591,0.043823198,4.975139975,0.375291275,0.84803019,2.570983114,3.895311067,1.793918161,1.466780538,0.760311953,4.526368975,1.364025048
0,0,1.709430667,0.249500934,1.023124928,2.618426911,1.186453831,2.960136481,4.065061272,1.932145865,3.914387999,3.575027322,4.998716586,0.101494,3.295821164,2.664567645,4.786107347,3.476703043,2.337562268,1.482988306,2.103781268,1.980941903,0.517271168,2.39103325,3.880617441,2.364150088,1.595338619,1.936041785,3.531633329,4.487114108,3.775522764,0.678316588,0.586966875,0.476953518
0,0,1.362402072,0.24970499,0.82646715,4.846475985,0.88816028,2.304002046,3.616819025,2.459368334,2.807566473,3.777234669,4.840445145,1.955863981,3.25898229,0.259422003,4.465041807,4.441568374,4.960583642,1.919089914,1.716215998,3.540841333,3.074292161,4.250153632,4.715396098,4.920625573,4.513051162,0.15706213,0.434133658,1.801692381,0.5481145,1.99714204,3.689330029,4.366087189
0,0,1.629814196,4.520889951,3.2415584,2.08718956,4.148088668,4.947423429,1.8949932,2.426976901,3.083800156,2.039675777,3.122445036,3.034612755,4.026381775,2.954238654,1.364257208,2.322784748,2.162182521,1.796168034,4.557692706,1.734744954,2.690193359,1.028918484,2.490165783,0.817145036,2.611222475,3.573063539,1.486384835,2.962650825,4.220275246,4.507889356,3.89844773,1.093299075
1.485078709,1,3.167166111,3.563339708,0.016337627,3.017889535,4.710826873,0.435515169,1.127790352,4.608092514,1.003929895,1.517334778,3.396458261,1.075728612,2.289023523,2.585106863,2.13136401,2.452663226,0.937760831,0.524107699,4.704033558,0.644075048,1.671768894,4.024376271,0.705504081,2.721176428,4.345312803,4.711420452,2.291154122,1.315252298,0.920980497,3.488820272,0.619657383,0.756722214
1.437093931,1,3.510004324,2.005497967,1.246050757,1.471675298,2.664537635,0.81772325,0.095813167,0.006263788,2.502627949,4.587595166,4.729362929,1.716734591,2.711670201,1.7477653,2.515654516,0.447954808,1.385767301,1.892378946,3.922929909,0.729593085,1.963825703,4.641158043,1.244506566,3.659530295,1.533576242,2.364333467,3.29229899,3.418487036,2.186482416,0.117432031,2.053777699,4.201742061
0,0,4.581634136,2.899806639,4.208248539,1.783377862,4.257254564,4.45533214,3.14097073,1.995881598,1.254906613,4.981446438,3.186363135,3.77210753,4.398984939,2.316017107,1.372548329,2.370179424,0.149632641,1.142720902,2.701804142,1.997797681,3.777305446,4.159782688,2.799921983,2.828495465,2.992330176,2.829777178,2.388745477,1.704078427,4.058550571,3.990384974,1.411221583,1.061013949
1.341516698,1,1.252499001,1.06728526,2.767931473,2.628637538,1.524215711,4.169213062,0.397893782,2.004524837,4.50001859,4.373366007,1.126059096,1.171407337,4.665274909,3.252377483,1.401965164,0.588777922,3.542696068,2.881845373,0.638260349,0.824468689,3.609696156,0.139019367,1.330352542,4.80783706,0.122855648,3.978748247,3.921075156,0.485943248,3.5718584,0.232427551,0.310973948,3.946048207
0,0,3.877685653,4.936919316,4.72574243,3.664426358,4.78952112,0.648924218,3.34138995,1.900458323,2.695174892,4.68648584,4.469747497,1.123657791,0.438168208,1.077249796,3.404135844,2.163599664,2.426407336,3.601824365,1.586675595,4.182276777,4.097536029,1.515577289,4.070229156,0.13090289,4.186768264,2.44638124,0.513382909,2.894434322,0.759298972,4.597771501,3.634842314,0.72884388
0,0,1.038829101,2.460334526,1.459769467,3.313049954,0.508888061,3.849439945,1.472950354,0.806476085,1.282130387,4.853052196,1.020530093,4.526418133,0.806642043,2.356501394,4.686643803,0.678744915,3.926201292,3.320898745,3.655844228,0.878869425,1.842424434,3.541094491,2.066012725,1.228291881,4.411143843,3.473833638,3.400371156,0.154886737,3.233526784,0.281336743,3.68953947,4.92255695
1.467981912,1,3.513147112,3.724695346,2.897131492,4.744661697,0.474508412,4.575377807,2.449683411,1.665752064,4.291697623,0.131350932,1.073896764,2.42356717,4.493811152,3.616452266,4.348099457,2.034866171,0.474148579,0.147184826,2.570350726,2.503351394,3.936990042,4.08194874,3.651335859,3.855064329,1.662949295,2.938681279,4.02782698,0.811615365,2.978715095,4.736026943,2.179302233,1.306040794
1.504294279,1,4.670578757,0.891895716,4.962290934,3.609579477,2.647410179,1.402372557,0.627304357,0.662960794,3.732731531,1.707752056,1.855749768,2.046148782,4.168169471,3.09386719,0.854362111,0.450426142,1.223903963,0.449564916,0.885368482,0.916240206,1.480562297,3.141637078,3.818617101,2.563812015,3.423636056,1.541329318,1.461081485,1.918102635,1.535405583,2.062001592,2.253497338,1.156280331
1.317039728,1,4.591400095,4.104291974,4.75808585,4.147349127,1.178691145,3.013579575,2.702942433,3.897074355,4.385218277,1.839022034,4.08386404,3.551031701,3.482960923,1.183707603,0.678092898,1.475874268,0.633601893,1.924825591,4.822989244,1.133011727,1.412344819,3.628566108,0.726012834,4.22708007,3.825519023,4.053161613,4.497954427,4.430434416,0.078087066,2.779145318,3.893050681,0.396386049
0,0,1.210625559,2.277124654,2.325970796,4.445776513,1.347157031,0.624277258,1.182006117,1.284887681,0.397689746,3.350539426,2.624237687,3.419458646,2.457386349,1.41214216,2.620605524,4.62409004,3.764841115,2.484253082,4.461753692,4.583204916,2.275245969,1.631544661,1.683949222,1.282853532,1.174808703,1.799817327,1.417022675,4.928284772,2.46060866,3.453887755,0.771976591,2.21649683
0,0,0.802718558,2.007121746,2.983593325,4.223885822,4.544753307,0.720774652,2.801462832,1.941366601,1.512883818,3.74642532,4.877051691,1.782504247,2.529170852,3.977304697,3.439410452,1.312233414,3.131936145,1.431251312,0.654083373,3.799138135,3.205813374,2.580505294,3.484848657,2.212764258,0.880141875,4.76878857,0.107308136,2.863985678,4.976813601,0.838875315,2.52633285,2.046855129
1.489690522,1,4.69096775,2.457864768,3.513486656,1.818408907,1.748660843,4.682327466,3.622429881,4.144709033,2.441993348,2.83832148,3.646100563,3.335383516,1.245965453,1.500530311,2.400964415,4.788312093,3.232070402,3.402968093,4.712190209,4.990014492,2.08897465,3.828803147,2.235803794,3.370228591,0.472543383,3.427491948,1.422901596,1.171962912,1.296214733,4.847046163,3.928907698,3.530456507
0,0,4.911618373,3.455969155,1.02194258,2.568734842,2.358643871,2.346419193,4.740898142,2.967514403,0.801865455,4.830781808,3.023936858,3.875650464,2.921953085,3.467881756,4.141480696,1.095220966,1.250232177,2.968063724,0.842924226,3.312707963,3.657093694,0.709741414,2.103913492,1.065812321,1.408349026,3.426281827,3.813667077,1.774910316,2.988517165,0.860224853,1.241460364,0.263053158
0,0,0.832505244,3.971045618,0.312188215,0.471820211,2.170025157,0.058888006,0.859583402,4.90686643,2.71752692,4.577213826,4.867028873,0.612309575,0.027581985,0.071069106,4.865723499,1.801133191,2.221811266,2.157300101,1.026106745,2.35287038,3.456020723,2.231556278,2.087334069,1.151423078,4.301971322,4.700113459,1.581787865,4.852949085,4.441064222,4.110294872,3.223106548,4.174975598
0,0,0.236926443,2.956819722,4.962053844,1.282184223,0.530911069,1.214095339,1.614224646,2.790535532,1.48163003,3.543394808,2.179109268,4.230900189,1.245403596,4.105241002,4.128355052,1.275461053,3.668207547,3.319191603,3.929686575,3.769024267,4.986651826,3.851999352,4.406141285,1.752768633,4.049194373,4.851614893,1.185358699,2.113330952,4.98233034,3.058866872,0.092474106,4.791029018
1.350263506,1,0.2741579,4.842751873,2.080223027,4.255109508,4.437424721,2.408806922,0.451220906,2.456825851,3.136174941,3.025963764,2.897197288,3.363155987,1.953915137,0.199769627,0.442380334,4.957019256,1.314464048,0.218255611,3.691270859,1.768440885,3.814502984,3.920549187,0.141445056,4.016911513,4.567711676,4.776576727,4.683969624,4.429543767,4.180477712,4.553842825,2.840218042,4.405206132
0,0,1.053089223,3.928909408,2.09755797,3.154922577,4.975605143,0.714047461,1.844355968,0.084188179,2.578449052,3.088613335,0.735114956,0.537131189,4.787714847,4.504813446,4.00797941,0.442242987,0.125895414,4.1738407,0.736751408,4.627421475,4.667334958,0.535545609,4.388061331,2.031647585,0.695746364,3.983644384,0.66454327,2.441010086,3.793620671,4.783407883,4.711658028,1.610224501
1.43018314,1,4.620068029,3.133843301,3.223363994,3.056313352,0.239452104,3.383960888,4.829751952,4.620543323,2.081263912,1.609843357,0.620615293,3.741795293,1.58830168,0.147649876,3.648544867,3.41379714,2.57237763,4.039874128,4.476768343,4.962168299,2.02262797,1.190605076,0.68492672,2.164982573,4.201126834,3.418003477,1.518656942,1.860787358,0.890283547,1.793789213,1.278789191,1.920619697
1.487195556,1,0.98106118,2.238098488,0.412971437,1.306610891,2.3629809,2.163807055,0.102240116,0.792395703,3.308089595,2.92489173,0.905982172,1.74638184,3.135823436,2.559702955,4.208421036,0.511383621,4.806895119,0.770021538,3.67477629,4.962110387,2.348799038,2.320684709,3.052000715,4.798398939,1.409785594,4.665884046,1.275728359,3.91091887,1.540301272,1.355986354,0.733123754,4.916555154
0,0,0.313796265,3.734710314,1.515423702,3.432137088,3.223008011,0.592712147,2.17813869,1.401158606,0.649529368,2.720504356,1.655363134,0.321489137,0.437775063,2.047387794,3.658197521,4.223074828,2.04121114,3.492119136,2.162484695,1.086346257,3.593771274,2.052720803,4.590053936,3.224277122,1.916235249,1.777525538,0.837130905,2.882482557,3.456554865,3.037942828,4.732177058,3.786983702
1.432602182,1,1.041382484,3.064995105,3.524196353,4.269078831,2.457368972,4.31188972,3.415896111,0.609864669,4.691949685,0.034547162,0.812599238,3.157112244,1.029832178,3.408194114,2.751767087,3.914692178,1.354351527,1.247340548,4.67735897,0.749785308,1.116002506,2.847518328,3.343993334,1.428924151,2.621415422,1.101656555,2.828057589,1.823952077,2.450579481,2.196778182,4.671745456,4.724848778
0,0,4.244579402,0.507520554,4.125158392,1.437871283,2.636536044,0.514881566,2.257299233,1.50956494,3.080264577,1.793063108,3.056308582,4.265808369,4.269382707,2.732620008,3.194294894,1.579743542,0.389429523,0.05852433,3.18632876,2.405672264,0.231957847,2.752487997,1.714056539,0.101048926,3.22293095,2.748009073,2.074498222,4.02344511,0.792879126,3.76089413,2.436893025,2.101636463
1.47800619,1,3.406188171,4.971672709,4.915376303,4.990690745,2.599525075,3.323293992,4.052407172,1.136307451,3.355831514,2.592825803,1.206699908,2.191798869,3.113181918,3.316417365,3.265737465,4.598415647,3.035777335,0.284874366,2.076402967,2.36507085,1.414625863,1.355942303,2.915955316,2.676873002,1.795671183,2.740998047,0.454614574,1.433866072,2.4590376,2.799551497,2.106424258,2.55588118
1.365285594,1,1.979613541,0.743569609,4.422979537,1.773286548,2.911629785,2.941849105,3.148514398,3.023550779,3.542868318,3.607172487,2.062464807,0.927946972,0.11950695,2.029218948,4.329632588,4.374313327,4.030931819,2.731946979,3.448558427,3.394818941,4.062072346,0.652991866,0.848580195,3.508508772,1.757582554,3.148865112,4.148928959,1.288458168,4.334112242,4.755423928,2.27758046,1.630975569
0,0,0.788863263,4.050483791,4.031438115,3.439534747,1.118962122,1.667605731,0.251097502,0.830707208,1.961168087,4.465816037,3.317207174,1.64592841,4.123102375,1.210894077,4.536849718,1.457396844,3.115988715,4.033788194,0.159932304,4.396585765,4.942717565,3.246496648,1.893345443,3.65631331,4.599869422,2.476856397,0.903962509,2.3670671,0.35707553,4.581512591,2.558996399,1.272841915
0,0,2.022835846,4.795821661,3.285500217,3.846557297,0.572728282,1.319962977,4.056256622,3.79342024,2.115933863,3.448218275,3.438101717,0.913826025,0.06115947,0.141702977,0.507412066,4.215292999,0.517647659,1.603444282,3.649558693,1.82944104,2.550936636,1.294192057,2.885403452,2.337771922,3.655387123,0.524634766,4.898591575,2.076919499,3.974210238,2.154305793,4.053208527,2.423531401
0,0,2.694896517,0.054738428,3.02625079,1.14838051,3.450369672,2.585002995,0.981738982,4.195038783,0.487337225,1.354560465,2.227479528,2.869251424,0.536712676,0.552261189,0.079878958,2.127065141,1.502421081,1.359915886,3.278674974,3.830507388,4.55272043,2.395057957,4.370039259,0.415367179,3.370664024,3.699388617,1.924922746,3.294626434,0.097237833,2.991448079,1.672157321,0.570266726
0,0,3.339844226,2.715274998,0.886953723,1.979639053,2.460821015,2.189418498,3.176833986,0.763659332,4.646542571,4.350827535,1.327945615,2.545257763,2.452227232,0.207671119,2.023289056,1.892334302,0.834438121,4.247508533,3.263871979,2.593841309,3.604958945,0.406217681,4.638429649,0.170102715,1.132508571,2.499224642,0.711415146,1.260776091,4.540753907,2.68851099,4.29250356,2.616263361
1.318196415,1,4.247796395,1.192022712,0.579110222,3.235834647,0.537828028,1.427713176,0.492070196,1.431451702,4.561973098,2.569163925,1.324158642,1.712300608,2.457077145,3.95926249,1.283998486,3.093306241,4.980096816,0.067636848,2.293813561,2.604459338,4.386578018,0.756310301,0.925901403,4.649277779,3.920798903,0.798124671,4.683661499,0.326952638,1.902583756,3.460187244,0.139371966,4.436770928
1.587339335,1,4.582819906,2.19246797,1.140974293,3.045737426,4.626791064,3.178041142,0.274085491,4.960894942,1.478081073,1.200455151,1.92934421,1.305562932,1.123482959,1.840717528,0.871532476,3.840607038,2.918457787,1.574621623,4.521567011,4.490294866,2.173934175,0.353172139,3.224867776,4.191615091,4.518661489,3.100607117,2.124980997,0.029482982,4.850434839,2.653586963,1.703746965,2.959409364
1.507385307,1,4.456441683,2.26732992,3.471098437,4.57438344,0.557123698,1.117169007,2.440929882,3.991399308,2.205379899,0.847886976,4.415505697,0.143729638,1.794016681,4.321144319,3.676055251,3.280012462,2.480570586,0.492217608,1.31454712,2.320577825,2.559370668,2.982412518,2.353086031,2.068385156,2.565925161,0.783996635,1.211806573,0.978308601,3.49992332,2.737651045,0.506954773,1.737610461
0,0,4.419099108,0.578182613,4.3485612,3.574943821,0.838455175,4.414104476,0.38628369,3.515371562,3.347543196,3.440441016,4.942798716,0.301668501,3.108090927,2.433823781,1.523628626,0.730023566,4.777528134,4.80243899,4.369175772,3.75043045,1.899450802,3.089299779,3.552005873,0.291442871,2.825239512,2.725247998,4.869649167,0.591428227,3.172766506,0.73724685,1.071763106,0.172488584
1.310190144,1,3.870506523,1.288334388,3.928497088,3.048535967,0.147903418,4.548635684,1.870065325,2.06983465,4.62286748,2.282009392,4.838609645,0.987466877,3.926917423,4.191356453,3.858660504,1.932453494,4.741567648,2.701860588,2.735172191,1.484129405,3.745567116,0.591195994,0.826670352,4.957255202,0.336698198,3.791983659,2.16320282,0.707527145,0.250344261,4.829162024,1.141788789,1.935465268
0,0,0.739992083,2.906147924,2.163989814,0.515198887,0.025683288,1.971837988,4.404989546,1.464783223,3.437490742,3.690859319,4.517921115,3.60433514,3.219356753,3.38688275,3.659616486,4.493177979,4.668832387,2.205393418,1.755629529,4.654336554,4.769843301,0.343200678,1.708818118,0.068817667,1.980544989,3.025413942,0.730523212,2.031092121,0.377638986,3.078612072,1.662186423,0.425643609
0,0,3.755766942,3.733683698,1.157191579,1.573059072,0.809241356,0.211540833,2.768962923,3.358166432,4.937763451,4.49343528,0.742742579,0.442165605,1.76300622,4.253293897,3.516300068,0.815473243,0.989441906,4.687728665,1.311920585,0.203779463,3.244117139,1.933580291,3.522719341,0.346089273,4.655167139,1.274675748,3.362489492,1.2620983,4.722250371,1.631693704,4.683796037,1.307358325
1.332009466,1,4.211366204,3.253112068,3.172683358,1.490783986,3.266136691,4.896108943,3.506504404,1.769472375,3.701401296,1.475509127,2.350707314,3.792356655,2.703571843,4.040365533,0.753899926,1.004046133,3.821609389,1.486095017,2.486681953,3.150638962,2.12118893,0.96805321,0.341590614,0.543187958,2.192155923,1.943738751,1.259394629,3.209974506,3.236829194,3.110762484,0.151196529,1.24397731
0,0,3.565511332,3.667398505,4.442179181,2.694587978,0.957861782,3.862460169,3.091777535,4.692479869,2.459456421,1.771486454,4.071202018,1.606172104,4.880896577,1.891682823,0.463725107,0.105183137,2.646233866,0.484489605,4.574163952,3.617835078,2.290076704,1.354435899,4.15681443,0.286961577,2.77664908,2.97394731,1.53501397,1.82981512,4.968551663,3.085878201,4.083525415,3.004298899
0,0,0.271128854,0.297504829,2.1715308,3.435716219,3.366694741,1.796064376,2.45660851,0.865212476,0.559684683,2.871624117,1.857632422,1.78723119,0.477011225,4.924888346,2.115830848,3.827840292,3.726392766,4.330764703,4.046955351,2.608081133,1.28085005,4.415257189,4.239532138,0.103891735,0.300188975,3.446407859,1.303549746,0.104642119,2.958663437,0.197986854,0.513424731,1.805934814
1.475208586,1,0.03966662,2.323346157,0.583777704,3.592666025,3.337823081,2.79601482,2.836145547,2.333146356,1.853907559,0.175234865,4.324224809,4.803480037,4.549851141,3.775883881,1.429051676,1.649458988,2.354141085,2.8461085,3.013674154,1.19026931,2.881995244,1.841910141,1.358079279,4.927512789,3.239601237,1.955126237,0.57935081,1.54187062,0.207005296,1.901204686,3.618504973,3.884783629
0,0,0.502403079,4.599590256,3.435764711,0.572390102,3.794202476,3.7345229,4.088594788,2.999336577,2.839352283,4.123493968,4.82910946,0.239758306,0.809322413,4.153016364,0.052270063,3.288141562,4.265351,1.847562275,3.608687329,1.935394148,4.654940289,2.360572748,2.622455106,0.177388991,1.108609444,4.040820122,0.553468862,2.20330484,3.382543354,2.301932055,0.102105608,3.452309154
1.506883424,1,1.136012772,1.088480889,0.400479332,2.702710868,2.970665452,0.371994441,0.911026069,2.06303763,0.838870435,4.412002113,4.55232409,2.15334696,0.653771473,2.534669243,3.979099455,2.996531141,3.401968909,2.334056319,3.560158657,1.445988093,0.142625456,2.494228927,0.976538917,4.819118007,3.815485557,3.063968702,1.931490921,4.556989802,2.679254131,3.747975006,2.039356059,1.705666641
1.336467214,1,3.734490476,4.025235754,1.969967951,3.875454395,2.538756636,1.971286358,1.914072098,4.417147684,3.6519549,3.831244102,2.445341857,2.038973995,4.371028187,1.238135289,0.08485027,0.487229538,4.042024751,4.907909048,2.477281065,2.147505871,3.480501603,1.09250226,0.381299184,2.303435973,1.920905848,1.204859331,3.80221523,4.825263529,0.47462519,3.899035718,0.943190792,0.047433026
0,0,2.050386903,0.70663003,2.66379655,2.788798602,3.467198549,4.381843205,0.098173109,3.432970498,4.93215158,4.928807308,2.280406015,1.740052587,4.914569504,2.42935034,1.575471315,1.906924368,0.09005234,2.51815891,0.634959956,1.525872832,1.280292513,0.011459076,3.863563879,3.308994356,1.989831655,2.505255892,3.062755425,0.665362169,1.416769295,4.187001665,4.329656145,0.273793984
1.346397718,1,2.465922702,4.150742034,4.592425628,4.006164081,4.893904779,2.857390473,0.318782366,0.432169369,4.883994121,2.243560383,4.470850517,4.555944533,4.807072025,3.890302348,4.740504917,3.395389111,3.570798015,0.687981734,0.413875656,0.561129312,1.846077116,4.827077115,1.811948488,4.65196861,0.479913511,0.609652818,2.443060674,4.612541742,0.67418309,0.721905455,1.666574197,2.27496042
0,0,0.041959523,2.041697947,0.90440278,4.366761901,2.744396102,4.306585138,0.26561056,2.555193857,0.728979584,2.193285483,2.276302621,1.590683144,4.62758009,3.607574613,3.182809928,4.729004992,3.651639342,2.609634614,3.236211754,3.680032456,4.355045617,4.335479755,1.144321756,1.505239446,2.049525768,0.961643871,0.972752485,0.748215335,4.276015868,4.653394427,3.897839605,0.791474823
1.480481037,1,3.645828481,0.967523774,2.290921813,4.277033867,0.658786386,3.069341095,3.192057045,3.760143184,1.283363359,2.74328429,4.690192826,4.750336805,3.027576877,4.052840633,1.575524313,1.360670342,2.143720683,3.736309482,2.324913479,4.918700746,4.243280865,1.609309854,0.89298409,4.276124059,4.301903352,0.525024857,3.802631183,0.695562274,3.035333902,3.963556378,1.05895834,0.160254907
0,0,4.017191507,0.196535096,3.704998477,1.696589433,2.080454311,0.968979352,4.735284943,0.67777968,2.346871102,4.256693646,1.234116933,2.156978323,4.971034881,4.638254818,0.215109974,2.738580189,0.007470438,3.623806913,3.093845167,1.861665228,1.470795289,0.275705481,3.503447739,4.464835727,3.63012441,2.927606617,4.761040503,1.803739321,0.456261686,2.434584281,0.827920764,1.286622592
0,0,0.008720686,3.816253876,3.818980566,0.078380261,0.618743523,0.402207873,0.390367716,2.956225258,2.480639733,2.464694725,3.24099458,4.203715764,0.085749222,4.220295716,3.859482452,1.445537189,3.503168286,4.565212864,4.724485419,1.339867331,0.771802878,1.852981735,1.114069233,0.13130777,0.905398778,1.219244459,4.985592244,3.274671187,0.589169091,4.123835883,3.657112889,3.571898504
0,0,2.786089783,1.905341583,1.73677562,0.42689425,1.060839944,0.442857963,3.79767259,0.348108305,2.928885228,1.413959098,2.608294552,4.871350643,3.421073301,2.007405392,0.523858884,2.074431968,2.738496767,1.156754027,0.030147931,2.705679438,4.399486069,1.892102986,4.132478982,0.763680823,3.001422203,4.191798384,1.611483062,2.029784375,2.072725735,2.890464629,0.643156755,0.520855607
0,0,0.717978092,2.19877665,2.3592296,3.433470364,1.796677828,1.547372124,0.205782011,4.73759761,0.373081523,4.748517792,1.162300494,0.427351609,3.642520954,3.769995604,4.475857702,3.014654585,2.40849839,1.603741526,2.316180294,2.287333124,2.948109433,3.672685536,4.996590106,4.139494203,1.397676743,4.158878161,2.641036359,0.037222147,3.78502847,4.253011956,1.125441153,2.249011009
0,0,4.437310296,0.46270684,2.481873775,1.143209051,0.55368321,2.251222335,0.159346672,1.168470014,2.457054009,1.721041092,2.953742581,1.161183322,4.450404182,2.837420312,4.151721108,0.839281342,1.569928673,2.882853651,0.608349757,3.341677632,0.902762115,0.889764032,4.051037752,0.28738731,2.916281849,3.520902764,4.520495561,1.447411632,4.299548491,2.049695027,4.989943135,3.081838687
1.5152528,1,4.800716177,0.193935733,0.901442307,0.555356209,0.93131721,4.387530576,3.075851824,3.788738178,2.724596854,0.982943735,3.803202132,0.861273423,4.307796249,4.157611695,3.745261618,3.60606326,2.615273704,4.561062904,1.404461438,0.553687197,1.772163567,0.589048727,3.029652862,1.799422067,2.875645138,3.09683493,3.604297131,2.78614261,2.247566864,1.727626979,0.301254529,2.220218221
0,0,1.104404075,3.623796521,3.714397414,1.30486262,0.019645217,3.928485517,4.935055525,3.042499118,1.797111784,4.821628275,4.366112438,2.175675374,0.766381394,3.256826405,0.80253993,1.597664331,0.744195808,0.805877611,1.260485199,2.412586738,2.140443197,4.474821378,1.437841819,1.500494954,2.824061864,3.837446628,4.532142823,1.830348659,1.529612695,3.019125888,2.446076581,1.222161362
0,0,4.362050002,2.656633992,3.658259348,2.024179893,3.610032409,3.519058288,1.486836078,0.402899255,3.095764692,2.341837632,4.764198675,1.67617977,3.467951797,2.324003508,1.267054613,2.385640332,3.059311984,2.243824077,0.430598261,4.864309098,0.993322785,0.448498226,2.715156837,0.811944664,0.023870487,2.729675146,3.153292007,1.965552939,2.837415337,0.416277369,2.504595973,0.430373416
0,0,1.259969052,0.865142026,0.16349047,4.382456026,0.288746794,2.337945514,3.03674126,1.788611262,2.231407985,3.981132097,4.06882493,1.514927717,1.234269904,1.946677466,0.821524689,3.756011583,0.302809627,0.456684529,4.699560758,2.918346273,4.289892774,1.901489617,1.801836442,1.460392491,0.428123882,3.227968615,4.665980262,2.721996614,3.34986972,4.625557006,2.873327127,4.563988051
1.360039439,1,4.637722654,1.438575906,4.703471477,4.072837481,2.626003222,4.097918832,3.483114869,4.372488987,2.838549321,3.392128555,0.14408248,3.797114576,0.877100672,2.799396548,2.660873275,1.520052867,3.500350309,4.760346532,2.723900558,1.295434212,0.105438356,3.787112873,0.039338109,1.327467475,2.750264667,0.69268163,2.230237217,0.709222292,4.378174985,2.750578878,2.922750541,2.653995207
1.507283881,1,4.297980693,2.535896598,3.681352135,4.287434827,0.571397131,2.166288876,1.423858273,4.342847386,0.334775242,3.057020075,1.721668185,1.348373806,2.850652946,0.660910484,0.674864472,4.675156909,1.678177472,0.988095183,0.357872846,4.55890367,4.784708091,1.796601787,0.480452853,4.46768131,1.918223107,0.790652369,3.209421685,0.192041665,0.33424716,2.694929599,4.591276424,0.833565239
1.47349887,1,0.623048352,0.068472952,3.813813399,3.613770918,4.27219601,1.249785304,3.074501454,0.243056542,0.563972905,1.740737156,2.359746229,0.397659925,3.410146807,2.626436393,2.579332865,4.701950205,0.658636792,3.253906661,4.235935025,1.72951769,0.340741617,0.057402036,0.033950309,1.462373694,1.088311486,1.50950991,2.976986485,2.818464632,1.089978863,1.952921233,1.690615761,3.729363073
0,0,1.844970662,2.116102104,2.857176574,2.940601175,0.143728927,0.455651016,2.505106303,4.591264623,1.238080205,3.264689487,0.32601612,0.081687415,2.60044701,3.261741658,1.970772482,1.903178586,1.848026314,3.765650059,3.059499468,1.195756857,4.626300707,1.909431186,1.867274669,1.648878155,4.518921084,2.33058338,2.541002583,3.97364497,0.675501601,1.024978777,0.950880951,0.009455526
0,0,4.28887522,0.050046345,0.043422752,4.202426273,3.850215966,4.285798819,4.66726049,0.075365474,0.94922106,3.470519589,4.886487564,2.876303352,2.81185092,4.70887152,3.43177793,1.655787504,1.70028231,4.671857358,1.537479289,0.193813089,2.838900364,3.254246659,3.693456215,4.781866053,1.530281308,3.795519368,1.406635749,4.50954739,3.35294062,1.457745145,1.617424432,3.583858852
0,0,0.921144241,2.201639019,1.822583037,1.067534648,2.667733014,4.161357261,2.363974894,3.161784056,0.985005339,4.987746342,0.011687912,3.076564536,4.122342791,2.0703287,4.481582653,2.560064216,4.808425508,3.039345846,3.330470872,4.60727299,2.243444494,3.166490256,1.057574609,2.801716569,0.518046208,1.461644353,2.720084919,0.904358391,1.38037653,1.16298451,2.744088917,2.785243817
0,0,3.102562701,0.003284593,0.938918262,2.381346584,0.090784141,2.374539548,0.382953463,1.253457159,2.905908036,0.755068356,2.051052866,4.465178954,4.272168746,2.713776761,2.302291203,0.74697392,2.444520959,2.845603608,1.707299846,2.089613733,0.88386056,4.17388369,3.3789739,0.927215404,3.055664238,3.525757585,0.141594986,2.604346612,1.295602442,2.541079993,4.866205436,4.091158268
1.599771069,1,4.293807371,4.483086404,1.497522892,4.400125479,1.276066385,0.960740566,0.933092174,4.305538496,2.222994793,1.933027978,4.160029804,1.032461446,4.489014414,2.297514682,0.817249799,1.343749228,2.603504273,3.86183961,1.936954505,0.22212588,4.934238429,2.615118092,4.21841617,4.459285702,3.427945534,2.58922142,2.209780803,1.900705436,0.159218894,1.079410543,0.426518803,3.98438268
1.399985731,1,2.009027702,0.248969197,1.582442625,4.356099244,4.657029505,2.128671459,4.330776422,2.403215033,4.541711896,1.252670114,2.633221056,1.224155729,4.192197333,2.628617354,1.749019158,1.285657649,0.844139789,2.99617447,4.054958844,4.244596436,4.223862219,1.175015177,2.541426512,3.346773703,0.453706621,2.714993455,1.489956693,1.909216027,2.66943292,2.132628356,1.16018055,0.142095325
1.479674701,1,0.130141194,1.371505586,3.472402973,1.649989198,3.752445147,3.978261064,0.268709139,0.046119719,3.64062252,3.321960049,2.92663307,4.595188941,0.836686109,4.85981992,1.098034891,0.191242674,1.144807033,3.5388287,1.763110271,3.547439226,2.943462545,0.543780484,3.234116543,3.655573905,4.316900547,0.113237898,0.756006251,2.625970419,1.132822663,4.208317349,2.150165254,1.496951815
0,0,2.885844525,1.723761737,4.285055928,1.432844458,2.204767872,3.831955724,1.915072347,1.194019528,1.969561413,0.979167078,2.203507007,3.092003472,1.15927668,4.357166111,3.657100144,1.599744268,4.058883154,2.294278621,3.379844781,1.43892542,3.652599086,3.671107405,3.539645795,1.047326524,0.855792792,2.668704237,3.544310221,0.005063883,0.9549154,3.680068685,4.977722514,0.985646514
0,0,1.164452159,1.675953776,0.695151067,1.682590824,2.830730621,2.304966828,4.457726014,0.586993365,0.530900454,1.959451859,3.483715726,4.442634824,0.231019686,1.460887858,4.768742224,3.804848292,0.27885268,0.142121565,4.635354848,1.852951404,0.079168694,2.518181215,4.745770368,4.662191367,0.268533337,4.572760596,2.51876756,0.957700104,3.094173197,4.376613798,2.099389505,4.652160192
0,0,2.651794263,4.221987334,3.802525206,3.244740107,4.646449489,3.49289761,1.141543995,3.517037266,1.190162158,2.701679897,1.886306233,3.164412009,4.937993416,3.88465054,3.584408566,4.213101008,1.309570583,2.306416764,1.814608727,3.084971849,1.547248328,3.163282656,3.895264856,4.44019086,3.39419024,1.071975593,0.98371009,2.05303931,3.834907831,3.933497226,2.997977945,0.800305106
1.416661931,1,0.938054648,4.295673615,2.576511988,2.344927658,0.026379279,3.78800591,2.568424655,2.209520878,4.872266293,1.751625638,0.988499996,2.392964786,4.444466419,2.799131725,1.24559144,1.324824672,2.816901497,3.965780565,0.105890607,3.684577432,2.005690657,3.5503286,3.205504906,3.238964721,4.793629554,2.578343178,0.064230692,4.142969658,3.132675642,3.041934436,3.529976995,2.675300808
1.367696585,1,0.305700999,2.778108522,0.334490509,3.759944842,0.176941648,4.79310954,1.869066626,4.983939162,3.793655771,0.416763119,2.563699973,4.334681694,3.296677607,0.34426891,4.625707458,0.196777208,4.953604784,3.498167765,4.309917203,0.841795721,3.452525154,4.242403297,1.147587467,0.624481927,0.255911159,3.197581766,0.391058794,3.853520301,2.785654027,0.47032078,3.642303399,2.100540625
1.479003435,1,3.354236979,4.033386875,4.448916143,3.341081641,4.144782536,4.840043205,3.747858032,2.905739433,4.762372855,1.074156008,1.029955069,4.926852379,2.582235911,1.190956266,1.931114759,1.064141134,1.491968599,3.440252515,3.113115134,0.517761869,1.430244466,3.006785026,4.342441556,4.078425787,1.874588016,2.414862104,3.889117134,1.094952923,0.775865913,1.234514122,4.885775857,2.703795348
0,0,3.323232205,3.36538118,3.068161718,0.333183374,2.304565298,1.755035356,3.026109027,3.060793639,1.521099438,4.195418171,0.864312756,0.027598906,1.084952129,2.674466169,1.712346182,0.828715325,3.05916415,1.424362541,1.511606304,2.50359138,2.643451162,0.070807267,0.590472022,0.695738445,3.81042618,1.034844529,2.517568983,1.168774942,3.310655575,3.209060992,4.248350584,4.369495454
1.39120848,1,4.734148803,4.042819194,0.383537994,1.500053339,0.526157992,3.514525512,2.263508609,1.748026123,4.026750115,0.286372202,0.941384288,1.397730073,3.765261563,2.033450703,1.591940284,2.192880434,1.751791673,2.304023971,2.061020551,4.735609136,4.739450903,2.302179874,1.850919724,1.683642093,2.442182043,4.257650359,0.340731113,2.6311799,1.644024895,1.710521076,3.655067081,4.165799788
0,0,3.538793013,0.790750465,4.88410209,2.798987854,2.360759796,1.976470265,0.421780481,1.381866793,1.834862705,3.985860046,0.059125235,1.148450482,3.435366401,0.183403968,3.93174976,3.304907718,3.775492485,2.588264464,4.951670383,0.889664258,2.185132794,3.152929962,3.368074815,4.587493559,4.538011229,0.31910603,3.186155697,2.405454155,1.437545271,3.607701168,2.5244377,3.386478512
0,0,4.011937173,3.416648627,0.577468264,4.78819341,1.677763556,1.591457504,3.341738714,0.733926799,1.390020244,3.297078699,2.711134515,1.420474309,4.880977992,2.872893767,3.635985654,4.396548086,3.310417325,2.609005217,1.273829773,3.368398542,4.295505842,2.362653774,4.562626376,0.312481016,2.437800476,4.575340976,2.449084654,2.421509186,1.370660728,0.455442428,3.329699552,0.627780748
0,0,0.544027421,2.214479333,2.765560585,4.812689634,2.857551901,0.37944836,1.812360086,0.097409035,2.319532863,4.77949665,4.887843108,0.714874313,1.363925159,4.854383107,3.859576899,3.029270266,4.211915972,3.392971244,4.617540986,4.873637351,0.29038264,0.131893635,3.548838106,3.199838182,2.339687683,2.785830642,0.471721242,4.099523471,1.873672546,4.561153109,4.196965512,2.96451918
1.330915455,1,0.479666191,1.191605335,0.116488323,0.770166053,4.402230536,0.594803969,4.299691963,4.327445279,4.477288473,0.058443639,3.980494028,0.910728545,0.161527379,0.815731858,2.740878611,3.841982229,3.897560064,1.745351333,3.541266886,1.653118024,3.080302241,2.294472438,1.095597564,2.160290259,3.196835943,4.15566757,3.543629688,0.898861389,2.899521818,3.889478299,3.795225933,1.253113165
0,0,1.718837318,3.653655782,1.436419893,2.219468109,4.199159854,4.918280027,3.072766048,0.88275018,0.320478469,3.428483549,1.149673398,3.322557854,4.221123467,3.675230051,4.49751111,1.221181598,4.418120042,0.228151389,2.464479076,2.902166442,4.744745442,3.158266977,2.362655419,0.607928141,1.398553522,3.846066813,3.753990196,0.090422501,4.242280353,4.511733059,3.380195067,0.202991287
0,0,2.477095297,3.432903484,0.18435278,1.252865958,1.582224698,0.834047905,2.298130259,4.589201416,0.245076717,1.409642441,4.075672451,4.465563251,3.951378791,0.113197285,0.39614189,4.604348509,2.570699189,0.212333734,3.953136826,3.640566474,0.476998933,3.947428044,3.535796507,1.949072162,4.5306782,0.636726013,2.301708791,2.636414387,3.070249454,0.258908821,0.107664607,0.557401684
0,0,2.776499063,3.025350758,3.92021695,4.773780691,0.97157619,2.33338483,4.555605443,2.079792791,1.490063434,1.286797808,4.159520872,3.472678213,0.030892326,3.185760644,4.075063134,3.306597387,1.674674181,4.795795267,2.6767327,2.833198999,0.579313767,2.544579176,4.074866124,3.161355456,0.650460774,2.666213813,4.755413811,0.389970089,2.183657164,3.908305876,0.818199559,3.464187676
0,0,2.173402278,4.099517311,2.772057318,3.940729751,1.339490292,2.646412791,3.246063383,0.904690649,0.990478833,0.778233366,4.929289557,1.252824221,1.863123606,2.396597122,1.522090408,3.557128144,2.354387121,3.133509612,1.041396065,1.958041461,0.855367274,2.902667567,1.383820966,0.460222295,1.303181244,4.185992981,3.76480439,1.822640846,2.998218007,1.713662458,2.182398798,1.291103746
1.515537527,1,2.160366053,0.177919884,0.393642604,1.697282082,1.04219272,3.71603003,2.491067793,0.342568897,1.95079565,1.294201188,3.775876233,4.395143802,4.343810589,1.062469731,2.227383786,0.112072651,3.88274948,2.003566838,3.116645624,4.867761958,1.895105903,3.48421092,2.261546195,2.217423533,1.218792344,0.83867367,3.22209224,0.063375909,0.054335741,2.067591018,1.617360663,1.723074857
1.6062329,1,1.220891925,2.049267374,0.240508496,4.740969572,0.185428846,2.669898914,2.61862296,0.433356008,1.158700279,1.917431633,2.123596826,3.868088312,4.264835127,4.728736535,0.591165783,0.93859572,0.545614118,2.272345326,1.010866513,1.416601576,1.700789794,3.051878253,3.283358277,4.898373344,2.118546249,4.176815248,0.947350622,1.956168058,2.810535729,4.784196709,0.221090989,0.322669751
1.569498403,1,4.541678667,3.469840531,4.271449746,3.861837849,4.790244572,1.913256208,2.105356606,1.3040327,2.487434433,0.047859813,4.393843476,1.649546282,0.97005018,1.410478715,4.750359384,3.206932577,1.395461454,1.536147589,2.214177503,4.45801077,1.626685559,1.872708496,3.877402499,3.287143094,0.030053357,0.437856785,1.248766521,1.308066334,0.562305362,2.473918656,2.356141285,2.680594548
0,0,4.671263068,0.31045602,0.421540561,4.009887894,2.546633278,1.948966458,0.593587437,3.276212467,1.304481105,2.602234136,0.170283585,4.813280391,4.661696527,2.613767086,3.137227497,4.227905839,4.377218281,0.270859918,0.356347323,0.977025413,2.708194262,2.731465674,1.309354439,1.046878841,3.681001124,2.030486307,2.577449181,3.552895566,4.957351105,0.779773293,2.371939482,2.396404313
1.536764598,1,2.119572528,2.436703487,4.971397941,0.406806269,0.069035654,4.932693282,4.750902636,3.921407687,0.371291223,2.087947786,1.796185075,4.933486834,4.695225992,0.07717629,2.366306827,4.490807505,0.718325919,1.22862634,0.657328973,3.51539945,1.650234829,0.517380313,1.106583176,4.250840792,3.940584162,0.928354484,1.974224844,1.298154526,2.993840324,3.339097136,0.38220016,1.963409115
0,0,1.157810288,4.730849424,1.797079488,1.453626158,0.479722019,3.22471447,2.480589393,1.332192396,3.664346269,4.746497431,4.82859312,4.142268618,0.949403277,3.922360895,2.298622645,0.62685463,1.915576115,0.337125157,4.55252837,4.877034983,3.490387335,1.229802963,3.377189499,0.449531541,4.841794267,3.323898339,0.565938366,0.413830854,0.179278185,2.859866958,4.198092955,3.84173736
1.405851609,1,4.998098102,3.025530289,1.836185247,0.084550797,1.177227059,3.396357009,2.145043204,0.831409059,2.713713737,2.943057347,4.058033295,2.361050336,4.592349417,4.31742989,2.609185342,2.644687016,3.397925913,3.408422313,0.945308634,2.361262059,3.084778116,4.629631265,0.830745917,4.320578016,1.371312781,2.869864641,0.624021728,2.588197228,0.404215959,1.851346519,3.37047301,0.131721163
